"id","sex","age","race","education"
21020,2,55,4,4
21025,2,18,2,3
21033,2,57,4,3
21036,2,85,3,2
21039,2,84,3,3
21050,1,69,3,3
21054,2,59,3,4
21063,1,69,1,1
21065,1,52,3,5
21067,1,25,3,3
21068,2,57,3,1
21080,2,60,3,4
21083,2,80,1,1
21085,1,26,1,3
21087,1,28,1,2
21107,1,20,3,3
21120,2,60,3,5
21130,2,20,4,5
21134,1,85,3,2
21137,1,19,1,2
21147,2,31,3,5
21156,2,67,1,1
21159,2,51,3,2
21167,2,60,3,5
21177,2,43,4,4
21181,2,61,3,3
21209,2,54,3,4
21219,1,21,3,4
21242,1,26,3,5
21274,2,26,4,5
21276,1,72,3,5
21281,2,64,1,1
21292,1,63,3,5
21298,2,65,3,5
21305,1,75,3,5
21317,2,61,3,4
21339,2,43,1,4
21344,1,50,1,2
21345,2,63,4,4
21352,1,44,1,1
21353,2,48,1,1
21355,2,43,3,5
21356,2,36,3,4
21371,1,68,3,1
21382,2,51,3,5
21393,1,66,3,4
21396,2,61,1,1
21407,2,78,4,5
21409,2,45,1,2
21412,1,59,3,3
21417,1,18,4,2
21419,2,58,1,1
21420,1,39,3,4
21424,2,18,3,3
21426,2,37,1,1
21427,1,35,3,4
21435,2,19,1,1
21437,1,26,1,3
21444,1,32,4,3
21446,2,23,3,5
21453,1,20,1,2
21465,1,41,4,4
21466,1,28,1,2
21472,1,45,4,2
21483,2,27,3,5
21494,1,30,3,3
21501,2,65,3,3
21504,2,74,5,4
21505,2,18,1,3
21509,2,42,3,4
21510,2,59,3,4
21518,2,52,4,5
21527,2,35,1,2
21528,1,65,3,3
21534,1,31,1,4
21541,2,61,3,4
21543,1,40,3,5
21551,2,38,3,3
21553,1,36,1,4
21562,2,66,2,1
21568,2,43,3,3
21569,1,19,3,4
21582,2,77,3,3
21592,1,53,3,4
21598,2,55,3,3
21610,1,75,5,4
21618,1,43,4,1
21619,2,81,3,5
21630,2,63,3,1
21635,2,65,5,3
21642,2,19,3,3
21643,2,62,1,1
21656,1,18,3,3
21666,2,66,4,3
21667,2,60,3,3
21675,1,31,3,5
21682,1,70,1,1
21685,2,49,3,5
21705,1,33,1,1
21712,2,53,4,3
21720,2,18,3,4
21726,2,41,2,1
21728,1,59,3,5
21735,1,67,3,3
21740,1,32,3,3
21747,2,21,3,3
21758,2,21,3,1
21762,2,67,3,3
21768,2,85,2,1
21769,1,24,3,2
21772,1,66,1,5
21779,2,52,5,5
21780,2,19,4,4
21783,1,37,4,4
21785,2,75,3,3
21795,1,33,3,4
21811,2,19,1,1
21813,2,20,3,5
21860,1,83,3,1
21864,2,78,1,4
21870,2,21,1,3
21885,2,52,1,1
21893,2,18,1,1
21897,2,48,5,4
21909,2,85,3,3
21913,1,56,1,1
21922,2,66,2,1
21923,1,22,4,2
21926,2,36,3,4
21934,1,71,1,1
21944,1,20,4,4
21954,2,73,3,5
21962,1,51,3,4
21980,1,19,4,3
21981,2,85,1,1
21987,1,66,5,5
21991,1,28,1,3
22002,2,22,3,4
22004,2,61,1,1
22005,2,70,1,1
22007,1,74,1,2
22009,2,77,3,4
22023,2,51,4,2
22024,2,71,3,3
22028,1,74,3,1
22043,1,32,1,1
22047,2,72,1,3
22049,1,65,3,3
22058,1,67,1,1
22064,2,26,4,3
22068,2,33,3,3
22081,1,18,3,1
22085,1,78,3,1
22094,2,32,1,2
22096,1,65,5,3
22098,2,37,1,1
22109,2,70,3,1
22110,1,71,1,1
22114,2,19,4,3
22136,1,70,1,1
22143,2,51,3,5
22153,1,48,1,3
22162,2,54,3,5
22171,2,19,4,2
22179,2,35,4,1
22210,1,52,4,5
22215,2,80,3,2
22219,1,61,3,3
22226,2,60,1,1
22236,1,25,4,5
22245,1,85,1,1
22248,1,61,1,1
22254,2,58,3,1
22267,2,60,1,1
22272,2,48,4,5
22280,2,31,3,2
22283,1,64,5,5
22287,2,56,3,4
22296,1,70,4,1
22299,2,29,3,4
22302,1,40,3,3
22308,2,41,1,3
22314,2,46,4,4
22315,1,44,3,3
22324,2,18,3,3
22325,2,72,1,3
22329,1,85,3,5
22333,1,68,4,4
22346,2,85,3,5
22348,1,24,2,3
22359,1,84,4,5
22365,1,49,3,5
22369,2,56,4,4
22372,2,18,4,4
22387,2,54,3,5
22391,1,29,4,4
22392,2,29,5,5
22404,2,42,3,4
22406,1,69,4,3
22409,1,71,3,1
22424,2,24,3,2
22433,1,44,1,4
22443,2,38,3,4
22444,1,78,1,3
22445,2,71,1,4
22449,2,28,1,3
22458,2,64,1,1
22472,2,60,5,4
22479,2,63,3,1
22485,2,20,3,2
22488,2,63,3,3
22504,2,26,3,4
22509,1,18,4,4
22513,1,55,3,4
22514,1,65,3,4
22528,2,60,3,5
22537,2,40,4,5
22543,1,47,3,4
22545,2,24,3,4
22547,1,28,1,3
22553,1,66,3,5
22554,1,63,3,3
22567,1,61,3,1
22583,2,36,4,2
22586,2,32,3,4
22592,2,51,3,5
22595,1,44,3,2
22597,2,72,4,3
22598,2,76,3,2
22604,2,61,1,4
22608,2,24,3,3
22611,1,49,3,3
22612,2,22,4,4
22620,2,26,3,5
22631,1,84,1,1
22635,2,33,1,2
22638,2,73,3,4
22652,1,65,3,4
22654,1,19,4,3
22659,2,48,3,5
22665,2,23,3,4
22668,1,85,3,5
22675,1,33,4,4
22676,1,59,1,5
22683,1,38,1,3
22690,2,29,3,3
22692,2,68,3,2
22696,1,55,3,5
22698,1,43,3,3
22707,2,62,3,2
22709,1,38,2,2
22713,1,46,1,1
22719,1,69,5,3
22724,2,48,4,3
22726,1,63,1,1
22727,1,51,3,5
22730,2,49,1,3
22744,1,61,3,4
22753,2,27,4,2
22756,2,28,4,2
22764,1,19,4,2
22766,2,44,3,4
22770,2,70,1,1
22773,1,54,3,3
22775,2,56,5,5
22790,2,46,4,2
22800,2,53,1,4
22802,2,73,3,1
22803,2,62,4,3
22808,2,39,3,1
22809,2,42,3,4
22818,2,40,3,5
22826,2,64,3,1
22828,1,85,3,4
22836,1,48,1,3
22839,1,69,3,1
22843,2,52,4,3
22848,2,24,5,4
22850,1,83,3,4
22852,2,37,3,3
22858,2,31,1,5
22862,2,22,4,2
22868,2,61,1,2
22873,2,24,1,1
22875,1,46,3,5
22896,2,34,3,4
22897,1,61,3,2
22900,2,34,1,2
22903,2,19,1,4
22905,2,18,4,5
22912,2,53,3,5
22920,2,18,4,2
22929,1,39,1,1
22930,2,70,1,2
22931,2,19,3,4
22943,1,60,3,1
22945,1,71,5,5
22948,2,56,3,5
22950,1,42,4,2
22954,2,65,2,4
22957,1,33,4,4
22959,2,31,3,5
22961,2,60,1,4
22967,2,19,4,4
22976,1,30,1,3
22977,1,70,3,4
22980,1,63,3,3
22981,1,40,4,3
23023,2,50,3,4
23024,1,85,3,1
23032,1,51,4,2
23053,1,25,4,3
23057,1,18,3,5
23059,2,39,3,5
23063,2,82,4,5
23091,2,51,3,3
23112,1,81,3,1
23120,2,47,4,4
23125,2,19,3,3
23138,2,72,3,3
23144,1,56,3,5
23152,2,36,2,2
23161,1,51,3,5
23164,2,41,4,2
23166,2,70,3,1
23172,2,40,3,3
23177,2,34,1,1
23184,2,68,1,3
23198,2,18,4,2
23205,2,22,1,2
23225,1,73,3,2
23227,2,68,3,4
23228,2,36,1,1
23235,2,75,1,1
23236,1,49,4,4
23242,1,32,3,4
23245,1,55,1,4
23249,2,19,4,4
23252,2,47,3,5
23253,1,65,3,3
23255,2,60,1,3
23265,2,78,3,4
23271,2,34,3,5
23276,1,33,3,3
23283,2,85,3,5
23285,1,47,1,2
23293,1,44,3,4
23298,2,50,1,1
23303,1,74,1,1
23305,1,33,3,4
23306,1,21,3,3
23309,1,25,3,3
23314,1,49,3,5
23319,2,64,3,5
23323,2,21,3,4
23327,2,83,3,2
23351,1,51,3,3
23353,2,60,3,2
23359,2,25,5,4
23367,1,69,3,3
23370,2,19,3,3
23372,2,84,3,3
23375,1,75,3,3
23380,1,18,4,2
23386,1,53,2,2
23388,1,46,3,4
23389,2,61,4,2
23412,1,71,1,1
23420,2,29,1,1
23426,2,62,1,1
23432,1,68,1,4
23434,1,21,4,3
23440,1,20,1,2
23446,2,63,3,1
23447,2,60,1,4
23449,2,37,3,5
23454,1,45,3,3
23464,2,48,3,5
23465,1,26,3,5
23466,2,48,1,1
23469,1,18,4,4
23471,2,61,5,4
23487,1,72,3,5
23488,1,40,3,4
23490,2,77,4,1
23498,2,68,1,3
23502,1,42,1,4
23519,1,67,3,4
23529,2,62,4,1
23550,1,35,1,3
23553,1,44,3,2
23559,2,63,3,3
23567,1,37,3,5
23568,1,24,1,3
23569,2,41,3,4
23574,2,34,3,4
23578,1,40,3,5
23580,2,43,4,4
23582,1,30,5,1
23588,2,61,1,1
23593,2,60,3,1
23595,1,44,3,5
23598,2,80,5,1
23605,1,85,3,1
23607,2,43,3,3
23618,1,47,4,2
23619,2,52,3,4
23631,1,18,5,3
23637,2,40,3,5
23643,1,31,3,5
23644,2,60,1,1
23653,2,75,3,3
23666,2,54,1,1
23667,1,47,3,5
23675,2,63,4,3
23684,2,83,1,1
23689,1,19,1,4
23694,1,59,1,2
23697,1,71,2,3
23702,1,83,5,1
23703,1,65,4,4
23709,2,26,3,3
23710,2,60,3,3
23724,2,34,3,4
23732,1,34,2,1
23742,1,31,5,5
23746,1,52,3,3
23748,2,37,1,2
23760,1,50,3,5
23762,1,84,3,5
23764,2,62,3,3
23768,1,33,4,3
23769,1,20,1,4
23792,2,76,1,1
23793,1,75,3,5
23795,1,69,3,4
23796,2,68,4,2
23815,1,65,1,1
23828,2,70,3,1
23829,2,37,4,2
23834,2,49,1,3
23842,1,19,3,4
23848,1,48,3,4
23857,1,19,5,3
23859,1,47,4,3
23883,2,60,4,2
23893,1,19,3,4
23899,2,24,3,3
23901,2,30,4,4
23906,1,19,4,2
23908,2,53,3,2
23913,1,40,3,3
23914,2,81,3,2
23915,1,51,3,3
23926,2,31,4,5
23941,2,41,5,4
23946,1,18,1,1
23950,2,33,3,4
23961,2,39,3,2
23969,1,75,3,5
23970,2,19,4,4
23973,1,72,3,1
23977,1,43,3,3
23998,2,85,3,3
24003,2,68,1,1
24007,2,19,4,4
24029,1,32,3,3
24042,1,51,5,5
24044,1,48,3,2
24045,1,72,3,4
24047,1,54,3,5
24058,2,85,3,1
24071,2,34,1,1
24077,1,22,4,2
24090,1,57,3,4
24107,1,50,3,4
24109,2,30,1,3
24114,2,41,1,3
24133,2,75,1,1
24143,2,37,4,4
24144,1,23,5,5
24147,2,51,3,3
24149,2,19,3,3
24155,2,19,4,1
24157,2,45,4,5
24159,1,84,3,4
24162,1,40,3,4
24168,2,66,4,1
24177,1,27,1,3
24181,1,85,4,4
24183,1,49,3,5
24185,1,21,4,4
24190,2,75,3,1
24192,1,71,4,5
24197,1,37,3,4
24204,2,39,3,4
24205,1,38,4,4
24207,1,60,3,4
24208,2,81,3,4
24213,1,32,3,4
24222,2,43,1,5
24228,2,49,1,1
24229,1,34,1,2
24231,1,25,2,1
24241,1,29,3,3
24243,1,52,5,2
24245,2,55,4,4
24248,1,26,3,4
24264,1,54,4,3
24270,2,25,1,2
24272,2,67,1,1
24275,1,19,1,1
24277,1,62,3,2
24279,2,46,3,5
24289,2,37,5,4
24290,2,40,1,1
24291,2,49,5,3
24293,2,18,3,4
24305,2,34,3,3
24309,2,38,1,1
24311,2,26,3,3
24317,2,18,3,4
24320,1,30,1,1
24324,1,19,4,4
24330,1,72,1,3
24333,2,25,3,3
24334,2,79,4,5
24354,2,19,1,4
24357,2,26,5,4
24359,2,45,3,5
24373,1,22,1,3
24383,1,19,4,1
24384,2,31,5,4
24388,2,18,3,5
24392,2,25,3,5
24396,2,19,5,4
24398,1,84,3,3
24400,2,63,3,4
24404,2,51,3,3
24407,2,53,3,5
24420,1,72,3,3
24427,1,56,1,1
24438,1,54,3,3
24441,1,35,3,5
24445,2,29,3,5
24460,2,46,3,5
24467,1,18,4,3
24469,2,70,5,3
24470,1,18,3,4
24474,1,44,1,5
24497,2,18,1,2
24503,2,26,3,5
24504,1,72,1,1
24507,2,51,5,5
24512,2,19,4,3
24525,2,46,3,1
24529,2,50,4,3
24539,1,51,1,1
24542,1,43,4,5
24567,1,68,1,1
24568,2,33,1,4
24571,2,67,4,3
24574,2,52,3,4
24575,2,64,3,4
24576,1,37,3,5
24588,1,78,3,5
24589,1,60,1,1
24599,1,84,3,5
24601,2,23,4,2
24604,2,55,3,4
24609,1,46,3,3
24610,1,33,3,2
24620,1,54,3,5
24627,1,78,3,3
24629,1,19,1,3
24633,1,31,3,4
24643,2,65,1,3
24644,1,78,3,1
24649,2,33,4,3
24662,2,63,3,3
24667,2,19,4,4
24673,1,63,1,3
24687,1,61,3,4
24701,2,33,3,4
24703,1,60,4,4
24707,1,82,3,5
24717,2,66,4,1
24721,2,58,3,3
24722,2,23,3,5
24726,1,22,4,2
24729,1,18,4,1
24751,2,76,3,4
24752,2,54,3,4
24755,2,79,3,3
24756,2,38,3,4
24757,2,82,3,4
24760,2,25,3,3
24761,2,19,5,4
24762,1,32,1,2
24763,2,52,3,4
24764,1,19,1,1
24768,1,70,1,1
24773,2,61,3,3
24784,2,69,3,4
24785,1,78,3,3
24791,1,68,1,1
24824,1,47,3,2
24835,1,43,3,3
24841,1,36,3,3
24846,2,19,1,3
24851,1,18,4,2
24863,1,33,3,3
24876,1,58,1,2
24879,1,76,4,4
24889,1,73,4,3
24894,1,29,3,3
24899,2,60,3,5
24900,2,58,1,2
24902,2,68,3,4
24910,1,32,3,5
24912,2,34,3,5
24916,2,24,4,4
24935,1,67,3,3
24944,1,84,3,5
24955,2,42,3,5
24962,2,28,3,4
24968,1,56,4,5
24971,2,81,3,5
24977,2,40,3,4
24978,1,33,3,3
24989,2,61,5,5
24991,2,54,3,4
24995,2,28,3,4
24996,2,70,1,3
24997,1,35,3,5
25000,2,25,3,4
25013,2,42,3,3
25019,2,34,1,1
25028,2,28,1,3
25045,2,40,3,4
25052,2,58,4,2
25055,2,25,4,5
25060,1,29,3,4
25062,1,27,5,4
25063,2,35,3,5
25065,1,19,1,4
25071,1,79,3,3
25076,2,51,3,5
25081,1,65,3,4
25096,2,65,3,1
25106,2,47,4,2
25114,2,28,1,2
25131,1,73,4,3
25141,1,64,3,4
25150,1,36,3,3
25154,1,64,3,1
25158,2,61,4,3
25166,2,31,2,2
25169,1,53,5,3
25174,1,25,4,5
25195,2,50,1,4
25200,1,55,1,2
25201,2,20,4,2
25222,2,69,3,1
25233,1,37,3,5
25239,1,46,3,5
25241,1,54,2,1
25246,2,55,3,4
25250,1,67,1,1
25255,2,21,3,3
25264,1,85,3,5
25266,1,38,3,5
25279,1,20,4,4
25290,1,82,3,2
25298,2,48,4,2
25299,2,64,3,2
25302,1,28,1,3
25311,1,49,3,2
25312,2,19,1,3
25321,2,19,5,2
25354,1,80,3,2
25355,2,20,3,4
25360,1,61,3,5
25371,1,59,1,1
25372,2,24,3,5
25376,1,81,3,2
25382,1,19,1,2
25383,1,26,4,5
25386,2,85,3,3
25387,2,41,3,4
25392,2,37,3,4
25396,1,18,4,2
25397,2,68,3,5
25399,1,60,3,5
25401,1,68,3,1
25419,1,37,3,3
25427,1,67,3,5
25441,2,20,1,1
25444,2,43,4,3
25445,1,36,3,5
25447,2,32,3,5
25451,1,58,3,4
25452,2,65,3,3
25458,1,53,1,4
25464,1,68,1,5
25466,2,21,1,2
25469,2,79,4,5
25470,2,35,3,3
25471,2,19,1,1
25473,2,20,5,5
25480,1,21,5,4
25487,2,69,3,3
25494,1,21,3,4
25495,2,53,1,1
25501,1,61,3,3
25507,2,85,3,1
25508,1,19,5,4
25525,1,24,4,4
25529,1,75,3,4
25531,1,19,1,4
25536,2,33,3,4
25537,1,66,4,2
25545,2,64,3,5
25551,2,32,1,3
25556,2,28,4,4
25560,1,70,3,4
25561,1,68,1,2
25562,1,71,3,3
25575,2,57,3,4
25576,1,28,3,3
25601,1,58,3,3
25611,2,24,2,4
25613,1,18,4,2
25615,2,51,3,3
25620,2,26,3,5
25622,2,29,1,3
25624,2,26,1,3
25629,1,57,3,4
25631,1,41,3,4
25638,1,53,3,3
25650,2,54,3,2
25657,1,69,3,4
25667,1,58,4,5
25671,1,22,4,2
25677,2,62,1,1
25687,1,66,3,5
25707,2,66,4,1
25708,2,22,3,5
25710,1,18,1,4
25722,2,33,3,4
25723,2,61,3,3
25739,2,62,3,3
25740,1,19,4,2
25745,2,45,4,3
25749,1,18,3,3
25773,2,65,3,3
25790,1,28,4,3
25791,1,71,1,2
25793,2,47,3,5
25805,2,82,3,4
25816,1,42,4,4
25818,2,47,1,4
25828,2,81,3,5
25834,2,36,3,5
25844,1,47,3,4
25846,2,18,3,3
25847,2,59,3,5
25851,1,85,4,3
25880,2,60,1,2
25890,1,51,3,4
25893,1,18,3,4
25911,2,25,3,4
25914,2,18,3,3
25915,2,70,5,5
25918,2,84,3,2
25933,1,39,1,1
25944,1,46,4,4
25950,1,26,2,3
25953,1,50,3,5
25955,2,58,4,2
25959,2,59,3,5
25960,2,60,3,5
25961,1,18,4,1
25966,1,38,4,3
25984,1,74,3,4
25985,2,35,4,4
25996,1,73,1,1
26003,1,34,4,4
26004,1,21,4,4
26007,2,24,1,3
26014,2,18,4,2
26019,1,45,1,2
26024,1,23,5,4
26027,1,45,4,1
26029,2,18,3,4
26030,2,36,3,5
26032,2,85,3,5
26041,1,46,3,3
26047,1,58,3,1
26051,2,48,4,5
26053,1,75,3,5
26064,2,30,1,4
26086,1,32,4,5
26089,1,48,3,4
26090,1,65,3,3
26092,1,60,3,3
26094,1,19,1,3
26096,1,27,3,2
26105,1,65,2,3
26123,2,71,3,2
26127,2,34,3,5
26129,2,60,3,3
26135,1,45,1,3
26137,2,52,3,3
26149,1,54,1,1
26153,2,22,1,4
26154,2,25,3,5
26155,1,71,3,4
26162,1,47,3,4
26179,2,39,3,3
26184,2,66,4,5
26185,2,75,3,2
26212,2,30,4,4
26215,2,73,1,2
26218,2,83,3,4
26229,1,26,1,1
26235,2,65,1,5
26239,1,62,1,4
26249,2,45,1,1
26260,1,79,4,2
26262,2,36,3,4
26267,1,63,4,5
26271,1,60,3,4
26285,1,40,5,4
26287,2,35,3,5
26294,1,82,3,3
26299,1,27,3,3
26310,2,31,3,4
26311,2,23,3,3
26312,1,62,1,2
26316,2,70,3,3
26326,1,18,2,3
26340,2,50,4,1
26344,1,37,3,5
26347,1,39,3,3
26363,1,19,4,4
26365,1,61,3,5
26369,2,34,3,4
26370,1,40,1,1
26373,2,46,3,4
26375,2,36,3,3
26377,1,65,3,1
26379,1,65,4,1
26383,1,36,3,5
26385,1,52,4,4
26394,1,40,1,4
26409,1,74,3,3
26412,2,48,5,4
26432,1,48,4,4
26434,1,82,3,2
26435,2,85,5,3
26446,1,66,1,1
26461,2,23,2,4
26482,1,37,4,5
26491,1,78,3,3
26501,1,77,1,1
26508,2,38,3,5
26523,1,56,3,3
26536,1,81,3,1
26537,2,30,3,5
26554,2,29,1,5
26555,2,26,4,3
26556,1,19,4,2
26566,1,36,4,5
26567,1,85,1,1
26569,2,33,1,2
26572,2,26,3,3
26578,1,19,1,2
26580,1,25,5,5
26589,2,50,1,4
26590,1,30,4,1
26613,1,35,1,3
26616,1,62,3,3
26617,2,51,3,3
26620,1,37,3,5
26624,1,31,5,3
26631,1,18,1,4
26636,2,80,3,5
26637,1,77,3,4
26638,2,65,3,3
26640,1,30,4,2
26643,2,22,3,5
26647,1,80,3,5
26654,2,53,4,5
26661,1,41,3,3
26667,1,28,3,4
26670,2,19,3,3
26671,1,53,3,2
26675,2,73,3,1
26681,1,21,4,4
26700,2,69,3,3
26722,1,18,1,1
26732,1,19,3,4
26733,2,47,3,4
26739,1,43,1,4
26744,2,80,1,2
26745,2,68,3,5
26747,1,19,3,4
26748,1,19,4,3
26755,1,61,3,4
26757,2,44,3,5
26760,1,19,3,3
26773,1,56,3,4
26777,2,60,3,1
26795,1,29,4,2
26803,1,66,3,4
26809,2,46,4,5
26811,1,76,3,3
26817,1,54,3,5
26827,2,55,1,3
26829,1,24,3,4
26832,2,68,3,5
26835,1,45,3,5
26841,1,25,4,3
26851,2,18,1,1
26858,1,41,1,4
26862,1,72,3,3
26870,2,19,3,2
26878,1,76,3,5
26879,1,65,4,3
26883,1,72,3,3
26887,1,59,1,2
26889,1,81,3,5
26906,2,48,4,3
26907,1,20,4,2
26909,1,31,3,5
26912,2,63,1,4
26913,1,85,3,1
26916,1,68,3,5
26917,2,82,3,3
26928,1,18,1,1
26950,1,26,3,5
26954,1,72,4,2
26955,1,41,1,2
26964,1,81,3,4
26967,1,56,3,4
26969,1,81,3,5
26974,2,49,4,4
26975,2,34,3,4
26986,2,42,1,3
26989,2,68,3,5
26996,2,28,3,5
26997,2,28,3,5
27005,1,84,3,2
27011,2,59,3,4
27018,1,34,1,3
27020,2,64,3,2
27032,1,63,4,3
27036,1,43,1,2
27038,2,19,1,1
27048,1,33,3,4
27049,2,18,4,2
27060,1,57,2,5
27074,2,19,4,4
27086,2,18,4,4
27092,1,78,1,3
27098,2,44,1,4
27100,2,31,1,3
27104,1,41,1,5
27108,2,66,3,4
27115,1,22,5,4
27117,2,30,4,5
27124,1,28,3,5
27137,2,18,4,3
27141,2,19,3,3
27154,2,46,4,4
27156,1,62,3,5
27160,1,31,1,3
27161,1,36,1,1
27163,1,65,1,3
27166,1,81,3,5
27167,1,33,4,4
27170,2,84,3,5
27174,1,34,3,5
27175,1,44,3,5
27176,2,32,3,5
27182,1,32,1,2
27183,1,19,4,4
27184,2,60,3,3
27194,1,61,4,2
27196,2,22,3,4
27216,2,27,2,3
27217,1,51,3,4
27219,1,50,5,5
27220,2,64,4,4
27227,1,65,3,3
27235,1,76,1,1
27239,1,29,1,4
27242,2,28,3,4
27254,1,49,2,2
27261,2,45,4,3
27262,2,55,4,3
27269,2,40,4,3
27270,1,54,3,5
27275,1,52,3,3
27282,1,63,3,3
27288,1,31,1,4
27289,1,35,1,4
27290,2,83,3,4
27323,2,68,3,4
27327,1,74,1,1
27333,1,19,4,2
27334,2,18,4,2
27335,1,77,1,4
27340,1,19,3,4
27341,1,26,1,2
27342,1,56,3,4
27343,2,36,3,4
27348,1,46,1,1
27354,2,48,3,2
27356,1,61,3,3
27359,1,58,3,2
27375,2,39,3,3
27380,1,20,3,1
27386,2,64,1,3
27415,2,52,1,4
27416,2,37,4,2
27421,2,41,1,4
27431,2,19,1,5
27448,1,22,3,1
27461,2,58,4,4
27467,2,28,4,3
27468,1,28,3,4
27471,1,47,3,3
27476,1,19,3,4
27478,1,22,3,4
27480,1,63,1,4
27482,2,69,4,2
27484,2,85,3,4
27486,1,65,3,4
27487,1,38,1,2
27504,1,75,3,4
27517,1,18,4,4
27526,2,64,4,3
27533,1,20,3,5
27550,1,26,2,5
27554,1,37,3,4
27568,2,73,3,3
27596,2,73,3,4
27597,1,69,3,3
27598,1,54,3,4
27601,2,69,4,4
27606,1,21,3,4
27607,1,21,1,4
27610,1,75,3,1
27629,2,18,3,2
27634,1,50,3,5
27635,2,56,3,3
27637,1,19,4,1
27639,2,28,3,5
27642,2,57,5,4
27654,1,18,3,5
27659,1,74,3,1
27660,1,45,3,4
27665,2,24,4,5
27670,2,20,1,3
27675,2,55,3,5
27676,1,35,3,3
27678,1,60,3,3
27680,2,66,3,4
27684,1,57,3,4
27702,2,18,3,2
27705,2,29,1,2
27712,1,39,3,5
27713,2,52,3,4
27723,1,44,3,4
27729,2,32,3,5
27738,2,35,4,4
27742,1,68,3,3
27743,1,26,3,4
27754,1,51,3,3
27755,1,37,1,1
27759,1,21,4,3
27761,2,45,1,3
27771,2,20,1,4
27772,2,32,3,5
27789,1,62,3,3
27793,1,24,1,4
27806,1,25,3,2
27809,1,18,1,3
27828,1,63,3,3
27839,1,70,1,1
27847,1,34,3,4
27848,1,71,3,5
27851,2,20,4,3
27854,2,46,1,1
27867,2,18,1,4
27872,1,53,3,3
27874,2,18,3,4
27875,1,66,3,5
27887,2,18,3,3
27888,1,69,1,3
27893,1,35,3,4
27895,2,49,4,3
27897,1,71,3,2
27899,2,23,3,3
27903,1,63,3,4
27907,2,34,4,3
27911,1,31,1,1
27917,2,40,3,4
27929,1,34,4,5
27932,1,41,4,4
27935,2,21,1,3
27942,2,82,3,4
27947,2,25,1,3
27950,2,47,3,4
27960,2,72,3,5
27967,1,21,3,4
27970,1,22,1,4
27974,2,31,1,3
27978,1,18,3,5
27983,1,18,1,2
27988,2,20,3,3
27989,2,33,3,5
27991,2,28,1,1
28010,2,67,2,2
28011,2,63,4,5
28014,2,64,3,3
28023,1,26,5,4
28030,2,34,4,5
28053,2,25,3,5
28056,2,19,2,2
28068,2,45,3,5
28077,1,44,3,5
28083,2,58,4,3
28085,2,18,5,3
28086,1,18,3,2
28090,2,19,1,1
28091,2,27,1,1
28092,1,68,3,1
28094,1,35,3,5
28100,1,39,3,4
28101,2,18,4,5
28108,1,68,3,2
28124,1,43,3,4
28126,2,38,3,2
28127,2,66,3,3
28142,2,41,2,3
28144,2,78,3,3
28145,2,30,1,4
28150,1,30,1,4
28158,1,45,3,3
28169,1,62,3,4
28174,2,47,4,4
28179,2,32,3,4
28181,1,81,3,3
28196,2,24,1,2
28202,2,18,3,4
28210,1,70,1,3
28211,1,72,3,5
28215,2,60,3,4
28239,1,25,3,2
28245,2,21,3,3
28252,1,28,1,3
28254,1,35,3,4
28258,2,35,3,2
28263,1,18,4,5
28269,1,56,3,4
28271,1,80,5,3
28276,1,32,4,4
28280,2,76,3,2
28287,2,31,3,2
28288,2,73,1,1
28289,2,60,1,2
28292,1,29,5,4
28307,2,18,1,1
28320,2,27,3,3
28324,1,43,3,2
28330,2,47,3,3
28333,2,18,5,2
28344,2,36,3,5
28345,1,35,4,5
28348,1,58,4,3
28349,1,53,3,4
28350,2,50,3,4
28361,1,18,3,3
28362,1,33,3,5
28377,1,74,3,4
28385,1,67,3,3
28387,1,60,1,2
28389,1,24,3,3
28390,2,50,3,2
28396,2,82,3,3
28398,1,69,4,5
28399,1,27,4,4
28404,2,29,3,5
28405,1,41,3,5
28414,1,51,4,5
28415,2,83,3,4
28416,1,84,3,4
28418,2,42,4,3
28433,2,19,4,2
28435,1,80,1,1
28445,2,35,3,3
28447,1,35,3,4
28459,1,57,4,2
28462,2,43,4,5
28467,2,50,5,5
28471,2,62,3,1
28474,1,44,1,2
28477,1,71,3,5
28482,2,60,5,4
28485,2,75,3,5
28486,2,30,3,5
28493,1,18,1,4
28499,1,50,3,5
28500,2,75,3,3
28526,2,41,4,5
28527,1,29,5,4
28530,1,18,1,3
28543,2,32,3,2
28551,2,42,5,5
28552,2,55,3,4
28565,2,49,4,4
28571,1,27,4,5
28575,2,65,4,2
28576,2,85,3,3
28584,1,44,3,4
28585,2,65,1,4
28586,1,69,1,1
28588,1,18,1,4
28590,1,61,1,3
28597,1,21,3,4
28601,1,61,4,4
28607,1,19,3,3
28613,2,23,3,5
28614,2,62,1,1
28618,2,53,3,1
28619,1,35,3,3
28622,2,23,3,5
28636,2,67,3,3
28640,1,74,3,5
28642,1,77,3,3
28645,1,18,3,5
28648,1,33,3,5
28662,2,61,3,5
28666,1,75,1,1
28667,1,36,3,4
28668,2,25,3,3
28682,1,78,3,3
28684,1,28,1,2
28698,1,43,3,3
28702,1,36,2,4
28704,2,29,3,4
28710,2,18,4,4
28714,2,18,1,2
28721,1,19,1,4
28740,2,66,3,3
28742,2,61,1,5
28743,2,52,3,2
28746,2,80,3,3
28753,2,18,3,4
28755,2,38,3,3
28757,1,56,3,5
28782,2,54,4,1
28792,1,61,1,3
28793,1,69,1,3
28816,2,68,1,1
28818,1,21,1,1
28821,2,30,2,2
28828,1,75,3,4
28835,1,78,4,3
28836,2,60,4,5
28837,2,40,1,4
28840,2,20,4,4
28842,1,64,3,4
28855,2,31,4,4
28862,1,28,3,4
28871,1,19,4,4
28884,2,65,4,2
28893,1,26,3,4
28894,2,85,4,1
28906,2,44,3,4
28931,1,59,3,2
28932,2,31,1,1
28934,2,30,3,3
28937,2,84,3,5
28954,1,47,4,3
28955,2,19,4,4
28961,1,31,4,2
28966,1,70,1,3
28974,2,53,1,1
28977,2,18,3,3
28985,2,32,1,3
28987,2,42,3,3
28990,1,59,1,1
28992,1,37,4,4
28995,1,56,3,4
29003,1,42,3,3
29007,1,34,3,5
29012,2,51,4,2
29013,1,18,1,2
29021,2,46,4,3
29023,2,33,2,4
29032,2,82,4,1
29038,2,43,4,5
29039,2,19,4,4
29050,2,46,3,5
29051,1,65,1,4
29054,2,44,1,2
29070,1,49,4,4
29073,2,71,3,3
29076,2,40,3,2
29082,1,43,3,5
29083,2,63,5,5
29088,2,61,1,4
29090,2,60,4,3
29092,1,62,3,5
29094,2,19,4,3
29098,1,71,4,4
29101,2,24,1,1
29121,2,72,1,2
29125,2,46,1,4
29134,1,53,5,3
29150,2,62,1,3
29155,2,40,1,4
29156,1,60,3,4
29161,1,46,3,4
29163,1,46,3,3
29175,2,52,4,4
29185,2,63,3,4
29188,2,31,3,3
29191,1,61,3,3
29196,2,37,3,1
29199,1,29,1,4
29200,1,65,4,3
29201,1,29,3,5
29207,2,53,4,3
29214,1,85,4,2
29232,1,60,4,2
29240,1,23,3,3
29243,2,69,4,2
29244,2,66,1,2
29248,1,19,4,3
29249,1,71,3,3
29252,1,77,4,2
29275,2,45,4,4
29277,2,46,3,2
29278,1,18,1,1
29286,2,62,3,3
29295,2,18,4,5
29302,1,34,1,3
29317,2,29,3,2
29318,1,55,3,3
29327,1,19,3,2
29344,2,41,3,2
29347,2,28,3,4
29351,1,19,3,2
29352,1,79,4,4
29359,2,72,3,1
29363,2,75,1,1
29366,1,18,3,3
29368,1,34,3,3
29374,1,35,4,3
29375,1,19,3,3
29388,2,63,4,5
29392,1,23,2,3
29395,2,45,4,3
29403,2,19,4,4
29413,1,64,3,4
29422,2,19,4,4
29431,1,26,3,5
29441,1,24,4,4
29450,2,37,3,3
29451,2,39,3,3
29452,1,36,3,2
29455,2,62,1,1
29473,2,41,5,1
29483,2,30,3,5
29484,1,32,3,5
29486,2,34,4,4
29491,2,35,3,5
29492,2,33,4,5
29495,2,75,3,5
29514,1,40,1,2
29530,2,65,3,4
29531,2,18,4,2
29536,2,65,4,2
29538,2,31,1,1
29541,2,41,1,1
29547,1,28,3,4
29558,2,19,4,4
29559,2,20,4,2
29561,2,23,4,2
29563,1,18,4,4
29564,2,60,3,1
29570,1,50,3,4
29572,1,19,1,4
29577,2,68,1,2
29590,2,47,3,3
29592,1,48,4,2
29595,2,20,1,2
29605,1,55,5,5
29613,1,28,3,5
29624,2,51,3,3
29627,1,77,3,2
29633,1,38,5,3
29634,2,27,3,4
29642,1,52,1,1
29650,2,82,3,3
29652,2,18,1,2
29660,2,35,3,3
29676,1,51,3,5
29680,2,44,3,3
29698,1,54,2,3
29703,1,54,3,4
29708,2,57,3,4
29725,2,72,3,3
29731,2,63,3,4
29740,1,70,3,1
29746,1,18,1,2
29751,1,31,4,2
29764,2,20,5,3
29770,2,62,1,3
29777,2,61,5,3
29778,2,52,1,4
29780,1,85,3,4
29781,2,32,3,5
29786,1,25,3,4
29788,1,33,3,3
29796,2,18,4,3
29809,2,73,3,3
29828,2,54,3,4
29829,2,19,1,1
29840,2,26,4,2
29841,1,48,3,5
29842,1,60,1,2
29846,1,41,4,3
29847,2,31,4,5
29861,1,48,3,3
29879,1,40,3,4
29886,2,46,3,3
29897,1,36,2,3
29903,2,57,3,5
29908,1,27,4,3
29910,1,58,3,5
29913,1,70,3,3
29915,2,45,3,4
29922,2,69,1,4
29924,1,75,3,1
29928,1,37,3,3
29940,2,85,3,5
29945,2,64,4,5
29952,1,65,1,1
29953,1,32,3,3
29954,1,49,5,1
29959,1,61,3,5
29961,2,59,3,5
29962,2,31,4,3
29966,2,43,1,2
29975,1,35,3,5
29978,2,84,3,1
29981,2,69,3,3
29982,2,21,3,5
29992,1,60,4,2
29999,1,85,1,5
30001,1,19,1,1
30006,1,83,3,1
30007,1,19,5,3
30010,2,27,3,3
30012,2,70,3,3
30013,1,52,3,4
30028,1,21,1,4
30031,2,63,1,3
30035,2,38,3,1
30048,2,18,4,4
30051,2,79,3,3
30060,2,84,3,4
30061,2,53,4,2
30068,2,48,3,5
30087,2,71,1,1
30092,2,36,3,5
30097,2,72,3,5
30098,1,20,1,2
30101,2,80,3,4
30103,2,31,3,4
30104,1,18,3,4
30108,1,66,3,4
30112,2,28,1,4
30119,2,46,3,2
30128,2,41,3,2
30148,2,57,2,1
30152,2,21,3,3
30154,2,29,1,1
30163,1,33,1,4
30175,2,42,3,3
30186,1,80,4,3
30190,1,53,3,3
30191,1,41,4,3
30199,1,52,3,4
30212,2,77,3,3
30223,1,19,4,3
30230,2,71,3,3
30231,2,48,3,4
30233,1,49,3,3
30249,1,68,3,5
30257,1,41,3,3
30267,1,42,3,4
30271,2,31,5,4
30275,2,64,4,3
30286,1,76,3,3
30287,2,76,1,1
30289,1,83,3,1
30292,1,18,1,5
30297,1,64,3,4
30298,2,36,3,5
30301,2,30,3,4
30302,2,53,4,2
30303,1,38,4,3
30310,2,85,3,4
30311,1,29,1,2
30315,1,35,3,5
30324,1,34,3,2
30328,2,50,3,3
30331,2,47,1,3
30332,1,68,1,1
30339,2,56,3,3
30340,1,50,3,2
30351,2,61,3,4
30352,1,48,3,3
30354,1,71,4,2
30363,2,44,3,5
30374,2,73,3,5
30388,1,80,1,1
30390,2,29,3,5
30393,2,66,2,4
30396,2,61,5,3
30417,2,76,3,1
30418,1,60,1,3
30423,1,75,4,4
30428,1,21,4,4
30434,1,29,4,4
30448,1,21,5,4
30449,2,76,4,4
30450,2,42,1,1
30451,1,44,4,4
30462,2,49,3,2
30467,1,74,1,1
30487,1,43,1,1
30488,1,32,1,4
30489,1,36,3,4
30498,1,27,4,2
30499,1,25,3,4
30503,2,27,3,3
30519,2,49,5,4
30520,1,63,1,5
30521,1,26,4,3
30522,2,30,1,4
30529,2,48,3,5
30552,1,20,3,4
30557,2,28,3,4
30590,1,20,3,4
30605,2,70,1,1
30612,2,40,2,3
30616,1,60,3,5
30617,2,25,4,5
30621,1,18,3,4
30625,2,65,1,1
30627,1,65,3,5
30628,2,23,3,5
30639,2,18,4,5
30646,2,81,3,1
30680,2,74,3,3
30684,1,65,4,2
30697,1,33,3,4
30698,1,79,3,5
30701,2,19,1,5
30702,1,18,3,3
30711,2,59,3,4
30712,1,63,1,4
30722,2,85,1,1
30728,2,30,3,4
30733,1,22,3,5
30756,2,81,3,4
30767,1,24,3,3
30771,2,85,3,1
30774,1,46,4,1
30775,1,29,3,4
30779,2,71,3,3
30780,2,34,3,5
30787,1,21,1,3
30788,2,38,4,3
30791,1,61,4,2
30792,1,45,4,4
30795,1,40,3,5
30796,1,70,3,4
30799,2,74,3,2
30800,1,50,4,4
30807,2,65,1,3
30811,2,75,4,3
30814,2,23,3,5
30815,1,48,1,1
30829,1,64,3,1
30836,2,63,3,3
30840,2,24,1,4
30842,2,18,4,4
30846,2,45,4,5
30848,2,19,3,3
30858,2,75,5,4
30862,2,33,3,5
30868,2,35,5,5
30877,1,18,1,3
30890,1,82,3,5
30898,2,73,3,2
30907,1,72,1,1
30909,1,69,4,2
30911,2,43,3,2
30913,1,50,5,5
30915,2,54,3,4
30925,1,20,4,3
30928,2,28,4,3
30929,2,57,5,2
30941,1,47,1,1
30946,1,19,1,4
30955,1,35,2,1
30957,1,72,1,1
30959,1,55,1,1
30960,2,34,3,5
30976,1,68,4,4
30996,1,78,3,5
31001,2,18,4,3
31013,1,64,4,5
31035,1,30,1,3
31039,2,65,4,4
31044,1,43,3,5
31049,2,19,1,1
31051,2,35,3,5
31058,1,23,4,4
31065,1,21,3,5
31075,2,76,1,4
31079,1,64,1,2
31083,2,53,4,4
31098,1,83,3,5
31111,1,34,3,5
31114,2,55,3,2
31115,2,19,1,1
31119,1,23,1,2
31124,1,44,1,2
31131,2,44,4,5
31132,1,70,3,5
31134,1,73,3,3
31150,1,79,3,3
31151,2,59,4,4
31153,2,44,5,3
31155,1,38,5,5
31158,1,71,3,4
31167,1,37,3,4
31183,2,33,3,5
31186,2,46,1,2
31187,2,22,3,4
31195,1,73,3,4
31199,2,25,3,4
31207,2,20,4,4
31223,1,61,1,2
31227,1,64,3,5
31228,1,34,1,2
31235,1,19,4,2
31239,1,18,3,5
31241,1,40,2,1
31242,1,58,3,5
31248,1,21,1,1
31252,1,35,4,4
31259,2,35,4,4
31261,2,49,4,3
31262,1,52,1,1
31266,1,62,3,3
31268,2,40,3,3
31273,1,62,3,2
31284,1,80,3,5
31286,1,27,1,4
31298,2,33,1,4
31304,1,53,1,1
31324,2,47,4,3
31325,1,27,3,2
31330,1,19,1,1
31332,1,68,4,2
31334,2,55,4,5
31337,1,54,3,4
31339,2,85,5,3
31344,2,55,3,5
31348,1,62,4,5
31358,2,62,4,3
31370,2,19,1,2
31378,2,19,1,1
31380,1,69,4,2
31396,2,55,1,4
31399,1,59,3,4
31403,2,21,4,4
31413,1,34,2,3
31432,2,45,3,5
31435,1,38,4,5
31439,2,31,3,5
31447,1,85,3,3
31457,2,61,1,3
31471,2,49,4,2
31472,1,76,3,4
31487,2,37,4,4
31488,1,38,3,4
31491,2,46,4,4
31496,2,51,1,4
31503,1,47,3,4
31504,1,46,3,5
31506,1,73,3,1
31508,1,73,3,2
31510,1,32,1,2
31512,1,51,1,1
31519,2,57,3,3
31520,1,53,4,2
31522,1,28,3,3
31527,1,59,3,4
31530,2,28,4,5
31544,2,19,1,3
31545,2,33,1,2
31556,2,18,4,4
31559,2,66,3,4
31560,1,18,5,4
31563,2,61,3,3
31565,1,19,1,1
31567,1,55,3,5
31571,2,19,1,1
31577,2,52,3,4
31585,2,40,1,4
31592,2,62,1,1
31593,2,58,1,4
31601,2,82,3,5
31610,1,85,3,4
31619,2,31,3,4
31635,2,27,1,1
31636,2,72,4,1
31640,2,44,1,2
31652,2,23,3,4
31658,2,46,4,4
31666,1,39,4,3
31680,2,24,1,1
31702,1,22,5,4
31703,1,44,4,5
31706,2,45,3,4
31714,1,21,1,3
31720,2,73,4,3
31721,1,62,4,4
31734,1,64,1,4
31742,2,25,3,4
31762,2,70,1,1
31765,1,70,3,4
31767,2,45,3,3
31779,1,55,1,1
31781,2,58,4,1
31795,2,60,1,4
31800,2,60,3,3
31802,2,60,3,3
31807,2,57,2,5
31821,2,25,3,4
31827,2,46,4,4
31830,2,62,1,3
31833,1,41,1,1
31847,2,35,3,3
31850,1,18,5,3
31873,1,32,4,4
31874,2,29,1,2
31877,1,62,4,4
31878,1,55,1,4
31894,2,61,1,1
31897,1,79,3,4
31898,1,73,3,5
31899,1,40,3,1
31903,2,73,3,5
31914,1,51,3,3
31923,1,65,4,3
31937,1,57,3,4
31939,1,41,4,4
31944,2,66,3,4
31945,1,67,3,1
31948,2,37,4,2
31962,2,54,1,3
31967,2,63,4,2
31970,2,19,3,2
31973,1,23,1,1
31978,2,46,3,4
31979,1,51,3,5
31985,2,31,4,4
31989,1,37,1,1
31991,2,33,1,4
31992,1,81,3,4
31996,2,28,1,2
32012,2,30,4,4
32013,2,58,3,5
32014,2,59,3,4
32015,2,60,4,4
32027,1,24,1,1
32030,1,80,3,2
32035,1,60,4,4
32037,1,34,1,1
32040,1,25,3,4
32046,2,33,4,4
32061,2,79,3,3
32062,1,73,1,1
32066,1,65,4,2
32067,2,22,3,3
32086,1,40,1,1
32091,1,30,1,4
32107,1,50,3,5
32109,1,32,2,4
32111,2,19,1,4
32113,2,62,1,2
32115,2,26,3,2
32122,1,22,2,3
32130,2,20,3,4
32135,2,38,3,5
32138,2,47,3,5
32140,2,69,4,4
32141,1,35,4,3
32150,2,30,3,4
32152,2,19,3,3
32162,2,26,1,1
32163,2,47,1,1
32164,1,22,3,3
32167,1,75,3,3
32168,1,57,4,4
32180,2,31,3,5
32198,2,21,3,4
32199,2,27,3,4
32202,1,81,3,4
32203,1,19,1,2
32205,2,35,5,3
32208,2,36,1,5
32212,1,46,3,3
32214,2,45,3,3
32221,1,36,3,3
32225,1,23,4,4
32226,1,40,4,5
32230,1,59,3,5
32239,2,60,3,3
32241,1,25,4,4
32242,2,19,4,3
32245,1,61,3,5
32251,1,35,3,2
32272,2,83,3,2
32283,1,62,1,1
32287,1,35,4,3
32294,2,77,3,3
32296,1,43,3,4
32303,1,30,4,2
32321,1,66,5,5
32324,1,34,1,5
32325,1,36,2,1
32342,2,58,3,5
32343,2,61,4,3
32349,2,32,4,4
32355,1,63,1,1
32360,2,55,3,4
32361,1,24,1,3
32381,2,32,5,4
32383,2,83,3,3
32414,2,78,3,4
32428,2,63,3,5
32441,2,38,3,4
32442,1,72,1,1
32443,2,69,3,4
32444,1,85,3,1
32467,2,48,3,3
32483,1,40,1,1
32494,1,37,3,1
32498,2,19,1,2
32501,1,18,1,3
32509,1,25,2,2
32528,1,19,3,5
32530,2,72,3,4
32548,1,64,3,2
32550,1,56,3,3
32552,2,26,4,3
32566,1,43,4,3
32572,2,25,2,3
32596,2,29,4,4
32599,2,45,3,3
32601,2,58,3,2
32630,1,60,5,5
32649,2,26,3,5
32653,1,20,1,1
32671,2,29,3,3
32687,2,74,3,5
32688,2,63,4,2
32693,2,21,1,2
32703,1,71,3,5
32709,2,47,3,4
32711,2,60,1,1
32712,2,27,4,3
32714,2,26,3,5
32716,2,66,1,2
32738,1,20,3,3
32739,2,19,1,1
32743,1,75,5,4
32745,2,43,5,3
32746,1,19,1,2
32755,1,31,4,3
32756,1,69,3,3
32760,2,18,2,4
32775,1,69,4,1
32779,1,39,5,4
32796,2,18,5,5
32799,1,31,3,5
32804,1,80,3,4
32812,2,49,4,2
32822,1,19,4,2
32825,1,37,4,4
32829,1,21,3,4
32835,1,33,1,4
32842,2,53,3,5
32845,2,18,3,4
32849,2,28,1,5
32850,2,18,4,2
32867,1,19,1,5
32868,2,41,5,2
32870,2,25,1,3
32873,1,19,1,2
32880,2,62,4,2
32881,2,23,1,2
32888,1,18,3,3
32900,1,30,3,1
32908,2,62,4,3
32910,1,39,3,3
32916,2,29,3,3
32918,2,64,4,2
32929,1,18,1,3
32931,1,38,1,1
32954,2,73,3,3
32958,2,45,3,4
32963,1,32,1,2
32964,2,30,4,3
32997,1,41,4,1
33014,2,35,3,5
33017,2,19,5,3
33020,1,39,3,4
33022,2,30,5,4
33031,1,19,3,4
33034,2,18,3,3
33039,1,26,1,2
33046,2,30,3,4
33057,1,18,5,2
33069,1,80,3,1
33072,2,33,3,5
33077,1,72,3,3
33079,1,19,4,4
33080,1,44,3,5
33088,2,46,3,3
33093,1,74,3,3
33096,1,81,4,5
33104,1,18,1,2
33107,2,57,4,5
33110,1,18,4,4
33114,1,64,3,4
33121,1,49,4,3
33127,2,18,4,3
33130,1,27,3,2
33139,2,34,1,1
33154,1,46,1,3
33158,1,18,4,5
33161,1,33,4,3
33165,1,18,4,4
33169,2,20,4,5
33186,1,38,1,1
33190,1,32,3,3
33193,2,18,4,3
33196,2,28,3,5
33198,2,34,2,4
33201,2,51,3,4
33206,2,32,3,5
33213,2,50,4,4
33214,1,62,4,5
33217,1,24,3,5
33225,2,23,1,1
33230,1,41,4,3
33235,1,66,3,5
33238,2,18,1,1
33239,1,20,3,2
33244,2,28,3,4
33247,2,55,3,5
33256,1,38,3,5
33265,1,85,3,4
33270,1,36,3,2
33272,1,32,3,4
33280,2,35,3,4
33300,2,48,1,2
33305,1,19,4,2
33316,1,74,3,3
33317,2,28,3,4
33321,1,63,3,4
33324,1,70,1,1
33328,1,52,4,3
33330,2,35,3,3
33338,2,85,3,4
33344,1,27,4,5
33357,2,45,1,4
33360,1,28,4,3
33362,2,56,3,4
33375,2,31,3,5
33384,1,19,4,4
33385,2,64,3,3
33387,1,50,3,3
33390,1,46,4,4
33397,1,25,3,4
33410,2,43,3,4
33413,2,34,3,4
33414,1,21,1,1
33425,1,44,4,3
33430,2,42,4,5
33436,1,19,3,3
33441,2,26,3,5
33443,1,35,3,4
33445,2,27,2,4
33446,1,37,3,5
33452,1,59,3,4
33454,1,84,4,2
33464,1,46,1,2
33467,1,60,3,3
33468,1,22,3,3
33477,1,29,4,4
33478,2,70,3,5
33483,2,60,4,5
33485,2,44,1,1
33489,2,32,3,5
33492,1,45,4,3
33500,1,53,4,2
33519,1,39,5,5
33520,1,74,3,5
33529,2,30,3,2
33530,2,56,3,5
33534,1,78,3,3
33543,1,76,3,3
33546,2,29,1,2
33551,1,76,3,5
33559,2,24,4,4
33562,2,48,5,5
33576,2,68,3,3
33585,1,50,3,4
33587,2,45,3,4
33591,2,65,1,5
33592,1,62,4,3
33596,2,32,4,1
33605,2,68,3,4
33606,2,31,4,3
33607,2,27,3,4
33616,1,48,4,4
33617,1,48,3,3
33625,2,81,3,2
33627,1,46,3,5
33630,2,36,4,2
33647,1,35,4,5
33659,2,35,4,3
33662,2,45,3,5
33666,1,71,3,4
33667,1,79,1,2
33668,2,48,4,4
33700,1,29,2,5
33721,1,19,3,4
33728,1,34,1,3
33730,2,46,3,3
33731,1,26,4,2
33745,1,46,3,5
33750,1,29,3,3
33753,2,18,1,1
33756,2,43,3,4
33768,2,65,3,3
33777,1,33,1,3
33780,2,32,4,3
33783,1,18,1,3
33793,1,76,3,5
33796,2,81,3,4
33825,2,61,1,1
33827,2,43,3,3
33828,1,19,4,4
33836,1,19,4,2
33838,2,57,3,4
33840,2,35,3,5
33842,2,19,1,1
33845,1,31,1,3
33847,2,45,1,4
33848,1,19,4,1
33851,1,18,3,3
33853,1,69,2,5
33854,2,63,1,2
33861,1,81,3,3
33864,2,61,3,5
33871,2,62,4,2
33876,1,49,3,3
33880,2,29,3,4
33885,2,40,3,5
33892,2,70,3,3
33894,2,63,3,4
33895,2,64,4,4
33917,1,51,1,2
33918,2,31,1,3
33922,2,83,3,3
33924,2,24,2,2
33928,1,67,1,3
33929,1,54,3,4
33945,1,65,3,2
33952,1,21,1,1
33954,2,30,3,4
33959,2,81,3,2
33971,2,64,3,3
33972,1,65,4,4
33974,2,25,3,4
33983,2,30,3,5
33988,2,23,3,3
33992,1,20,3,3
34000,2,23,1,3
34002,1,21,4,4
34006,1,81,3,5
34021,2,23,3,5
34023,1,24,1,1
34026,1,18,4,3
34037,1,20,3,3
34040,2,84,3,4
34042,2,54,4,4
34043,2,20,1,2
34046,1,48,3,3
34050,2,74,3,1
34051,1,36,3,4
34052,1,22,3,3
34060,2,70,1,4
34070,1,35,3,3
34074,1,41,2,2
34079,1,70,1,4
34080,1,44,3,5
34090,1,65,3,2
34091,1,69,5,5
34108,1,25,3,2
34114,1,69,4,3
34120,1,35,5,2
34121,1,19,4,4
34128,1,51,3,3
34129,2,33,1,2
34131,2,27,1,1
34132,2,27,1,4
34133,1,61,4,3
34136,1,29,3,4
34141,1,26,3,5
34145,1,54,3,3
34147,1,19,1,3
34150,1,64,2,3
34161,2,31,1,1
34165,2,52,3,2
34173,1,78,3,3
34175,2,19,4,4
34176,2,45,1,3
34203,1,52,3,5
34205,1,47,1,3
34206,2,32,4,4
34214,1,33,1,4
34220,1,50,4,4
34226,2,24,3,4
34227,2,27,1,4
34240,2,33,1,2
34249,2,81,3,3
34250,1,48,3,5
34256,1,48,1,1
34273,1,35,2,5
34292,2,49,3,4
34295,1,28,4,5
34300,1,81,3,3
34310,2,40,3,2
34312,2,42,3,5
34329,2,80,3,3
34361,2,85,3,1
34374,2,34,2,1
34388,2,18,3,4
34393,1,69,3,3
34396,2,69,4,2
34397,2,19,1,3
34401,1,30,4,4
34402,2,28,1,3
34418,1,63,3,3
34423,2,58,4,4
34427,2,74,1,1
34430,1,19,4,1
34437,2,37,3,4
34450,1,49,3,3
34454,1,35,5,5
34461,2,65,2,2
34465,2,47,4,5
34467,2,42,3,5
34477,2,70,1,5
34479,2,32,4,5
34481,2,18,1,1
34490,2,33,2,3
34499,1,45,3,2
34500,1,48,3,3
34514,1,63,3,5
34518,1,48,3,5
34534,1,52,3,5
34536,1,18,1,4
34557,1,62,1,1
34569,1,69,3,5
34574,2,57,3,4
34578,1,55,4,4
34593,1,19,3,4
34602,2,18,3,4
34605,1,53,3,5
34606,2,31,2,2
34608,2,45,1,5
34609,1,29,3,4
34614,2,23,3,3
34615,2,54,4,5
34625,2,74,4,2
34627,1,56,3,4
34647,2,70,3,3
34650,2,21,2,4
34663,2,69,4,2
34669,1,40,3,3
34675,2,78,4,3
34681,2,39,3,3
34687,2,34,4,4
34690,1,18,3,3
34705,2,22,4,4
34712,2,20,3,3
34715,2,76,3,3
34716,1,62,3,4
34724,2,39,3,4
34726,2,67,4,3
34735,2,26,1,5
34740,2,42,1,2
34750,1,18,3,3
34753,1,18,4,4
34756,1,66,1,1
34761,2,52,1,1
34762,1,62,3,5
34775,1,18,3,4
34776,1,50,3,1
34805,1,31,4,4
34807,2,59,3,3
34808,2,56,3,5
34813,2,62,3,4
34821,2,18,3,3
34827,2,54,2,2
34828,1,21,4,2
34832,2,19,5,5
34845,1,29,1,3
34850,1,71,3,3
34857,1,85,3,3
34858,2,37,4,4
34866,1,18,4,4
34869,2,29,4,4
34899,2,84,3,4
34901,1,53,3,4
34908,1,47,3,5
34913,2,81,3,5
34914,2,28,1,4
34928,1,85,3,5
34935,1,42,3,5
34939,2,35,3,4
34941,1,39,4,5
34965,2,59,1,1
34967,1,18,2,1
34977,2,23,4,1
34989,1,19,2,3
34991,2,18,1,1
35005,1,18,3,5
35010,2,38,3,5
35015,2,28,3,5
35021,1,34,4,4
35023,1,48,4,3
35034,2,18,4,4
35041,2,76,3,4
35048,2,31,5,5
35051,2,25,1,1
35056,2,35,4,4
35058,2,32,3,5
35061,1,71,3,5
35062,1,46,4,2
35067,1,54,5,4
35071,2,64,3,3
35077,2,50,3,3
35078,2,47,4,2
35081,1,49,3,5
35091,2,36,5,5
35092,2,72,3,3
35108,1,31,3,3
35110,2,18,1,1
35112,2,20,2,3
35134,1,21,2,2
35135,1,33,3,4
35137,2,19,1,1
35154,2,23,3,3
35162,2,25,3,3
35171,1,44,3,5
35172,2,35,3,5
35181,2,66,3,4
35198,2,61,5,5
35207,2,18,1,2
35213,1,42,3,5
35214,1,50,3,4
35221,2,61,1,1
35224,2,20,5,4
35225,1,48,4,5
35228,1,36,3,5
35232,2,67,1,3
35257,2,21,4,4
35263,2,27,4,2
35265,2,33,3,5
35266,1,34,2,5
35284,1,54,4,1
35301,2,80,4,4
35321,2,29,3,4
35324,1,76,3,3
35330,1,21,3,3
35336,2,22,1,1
35339,2,41,1,3
35342,1,30,1,3
35343,2,36,4,5
35345,1,48,1,4
35350,2,18,1,4
35367,1,57,3,5
35368,1,19,1,1
35369,2,25,4,2
35372,1,38,3,4
35374,1,72,3,4
35375,2,65,3,1
35382,1,18,4,3
35385,2,66,3,5
35396,2,83,3,5
35397,2,49,3,3
35402,2,36,1,3
35403,2,35,3,5
35407,1,67,4,2
35414,2,42,5,5
35428,1,18,3,1
35432,1,84,3,3
35434,1,71,4,2
35438,1,25,2,4
35439,2,78,4,3
35453,2,35,1,5
35454,2,26,3,3
35455,2,53,4,5
35466,2,25,1,2
35486,1,36,4,3
35487,2,19,3,3
35495,2,76,1,4
35515,1,58,4,4
35517,1,73,3,4
35521,1,25,4,3
35528,1,71,3,3
35530,2,44,2,2
35541,2,25,4,3
35543,2,54,4,4
35549,2,70,1,3
35552,2,23,3,3
35559,2,62,3,3
35564,2,66,3,3
35567,1,47,3,4
35569,1,85,3,3
35571,2,22,3,3
35573,2,63,1,1
35575,2,33,1,1
35577,2,38,3,3
35584,1,25,3,4
35586,2,67,1,3
35593,1,39,5,5
35604,2,25,3,2
35612,1,42,4,5
35617,2,81,1,3
35620,2,83,3,4
35624,2,62,3,4
35626,2,85,1,1
35628,2,28,1,3
35642,1,20,3,2
35646,1,46,3,4
35651,1,31,3,5
35652,1,65,1,1
35654,2,56,1,1
35667,2,73,3,4
35684,2,42,3,1
35685,1,51,4,4
35686,2,54,3,3
35687,2,70,3,5
35689,2,71,3,1
35690,2,35,3,5
35691,1,46,4,2
35695,2,30,5,3
35696,2,51,1,5
35698,2,18,1,2
35713,1,28,3,4
35715,1,41,1,4
35719,1,48,4,3
35724,2,70,3,5
35737,2,77,3,5
35741,1,30,3,3
35745,1,66,4,2
35747,1,32,1,4
35770,2,43,4,4
35775,2,42,1,4
35781,2,50,3,4
35784,2,78,1,1
35789,1,21,1,3
35798,1,65,3,3
35805,1,45,4,4
35808,2,50,3,5
35817,1,19,4,2
35818,1,85,3,3
35821,2,22,5,4
35826,1,72,1,2
35838,1,43,3,2
35846,1,39,3,3
35863,1,56,3,4
35874,1,51,3,3
35881,2,24,1,3
35886,1,19,4,2
35887,1,73,3,5
35888,1,49,1,1
35890,2,23,1,3
35902,2,50,1,1
35915,1,30,4,4
35919,1,30,1,1
35923,2,18,3,5
35925,1,18,4,2
35927,2,50,3,4
35938,2,19,1,3
35941,2,51,3,3
35942,1,25,3,5
35956,2,37,4,2
35976,2,59,3,4
35991,2,28,3,3
35999,2,69,3,3
36005,1,20,3,4
36006,2,25,3,3
36007,2,45,3,4
36011,2,43,4,5
36014,1,49,2,2
36017,2,32,1,5
36031,2,27,1,4
36036,2,55,1,2
36038,1,55,3,5
36045,2,20,3,4
36047,1,47,1,1
36052,1,58,3,5
36056,1,25,3,4
36069,2,40,4,4
36070,1,42,4,2
36073,1,19,1,1
36090,2,30,1,1
36093,1,31,3,5
36095,2,24,3,5
36112,2,74,3,3
36119,1,83,2,3
36122,1,41,1,1
36125,2,30,3,5
36129,2,68,4,4
36133,2,43,4,5
36138,2,30,1,1
36155,2,53,4,4
36164,1,46,3,5
36171,2,45,3,4
36176,2,41,3,3
36177,2,20,3,3
36184,2,59,3,4
36188,1,18,4,5
36193,1,54,5,4
36194,2,46,3,3
36199,1,18,4,2
36202,2,19,1,3
36218,2,54,4,5
36223,1,71,1,2
36227,1,62,4,3
36247,1,60,5,3
36248,1,18,3,5
36263,2,18,4,3
36267,2,20,4,3
36281,2,66,4,4
36290,2,31,4,5
36292,1,46,1,1
36301,2,22,1,2
36307,2,40,4,4
36311,1,63,3,2
36319,1,65,3,4
36321,2,22,4,5
36323,2,50,3,3
36332,2,33,5,5
36333,2,79,3,4
36346,1,85,3,4
36354,1,70,4,3
36362,2,49,4,4
36363,1,39,3,4
36365,1,22,3,4
36370,2,24,1,4
36379,2,58,1,3
36394,2,54,3,5
36407,1,80,3,2
36408,1,42,1,4
36427,2,53,3,5
36436,2,49,4,5
36437,2,50,4,1
36438,2,35,5,5
36454,2,24,3,4
36462,2,60,3,5
36481,1,39,3,4
36483,2,50,3,4
36486,2,34,5,3
36487,1,81,3,3
36494,1,72,3,2
36503,2,52,3,4
36504,2,18,1,2
36506,1,62,1,4
36509,1,49,1,2
36517,2,26,4,3
36519,2,67,3,5
36532,2,26,3,5
36534,2,45,5,3
36538,2,43,1,5
36550,2,25,3,1
36556,1,46,1,3
36560,2,18,4,4
36571,1,26,3,2
36575,1,35,3,2
36577,1,34,4,4
36582,2,61,4,2
36586,1,76,4,1
36598,2,33,4,3
36600,2,33,3,5
36601,2,46,3,5
36625,2,36,1,1
36627,2,29,3,4
36634,2,61,3,2
36645,2,58,3,1
36649,2,69,1,3
36653,2,49,3,4
36655,2,48,4,3
36666,2,20,3,3
36670,2,52,4,4
36674,1,43,3,2
36678,1,24,3,5
36690,2,85,3,1
36700,1,32,2,4
36707,1,23,3,3
36714,1,43,4,4
36723,1,36,1,2
36730,2,18,3,4
36746,2,59,4,4
36752,2,32,5,5
36760,2,54,3,4
36761,1,43,3,5
36762,2,37,2,4
36784,2,25,5,5
36787,1,32,1,1
36791,1,75,4,3
36792,1,25,1,1
36797,1,34,2,2
36823,2,56,3,3
36827,2,83,3,4
36830,1,60,4,5
36838,1,69,3,3
36839,1,40,3,3
36850,2,35,3,3
36861,2,33,1,4
36868,1,43,3,5
36875,2,74,4,4
36888,2,25,3,4
36896,2,60,4,3
36898,1,18,3,2
36899,2,36,3,5
36904,1,28,4,5
36909,2,40,1,4
36911,2,21,1,2
36918,1,85,3,1
36931,1,81,3,4
36941,2,66,3,3
36950,1,67,4,1
36962,1,19,4,4
36969,1,39,4,2
36971,2,60,3,5
36974,1,65,1,1
36978,2,67,1,1
36984,1,38,1,3
36992,2,49,4,2
36998,2,55,3,5
37001,2,32,4,3
37012,2,60,1,3
37014,1,77,3,5
37025,1,83,3,3
37034,1,35,3,5
37037,2,29,3,4
37038,1,49,4,3
37040,2,51,4,4
37050,1,69,4,3
37056,1,45,3,4
37075,2,61,4,5
37084,2,29,3,5
37089,2,28,3,4
37091,1,63,3,3
37102,1,24,1,4
37105,2,56,3,5
37106,1,50,3,4
37126,2,23,1,1
37130,1,82,3,2
37138,1,66,1,4
37140,2,45,1,2
37147,1,60,1,1
37148,1,84,3,2
37151,2,55,3,2
37152,2,19,3,3
37154,2,83,3,4
37155,1,49,3,4
37164,1,52,3,4
37168,1,18,3,4
37179,1,81,3,1
37188,1,78,4,3
37212,1,47,3,5
37218,2,80,3,2
37233,2,27,3,4
37234,2,19,1,1
37236,2,78,2,1
37239,1,20,1,4
37250,2,33,3,4
37252,1,78,3,1
37261,2,38,3,3
37267,1,61,3,5
37279,2,43,3,4
37286,1,44,2,1
37289,1,28,3,5
37302,2,22,1,3
37304,1,82,3,1
37319,2,23,3,4
37329,2,69,3,2
37336,2,34,4,3
37342,2,24,3,5
37351,2,18,3,3
37352,2,51,3,3
37355,1,48,5,3
37368,2,35,3,5
37369,1,70,4,5
37373,2,77,3,3
37374,1,31,3,4
37385,1,46,1,3
37395,1,22,1,2
37402,2,62,1,1
37405,2,18,1,1
37410,1,29,3,5
37429,2,57,5,4
37436,1,77,3,3
37437,1,18,4,2
37440,1,53,3,3
37447,1,29,4,3
37456,2,52,4,3
37458,2,63,3,3
37478,1,66,2,5
37485,1,49,3,5
37494,1,62,3,3
37513,2,49,4,3
37518,2,63,3,3
37521,1,52,4,3
37522,2,66,3,3
37523,1,61,4,3
37525,2,25,1,4
37526,1,48,3,5
37531,1,41,3,4
37544,1,56,2,2
37545,1,45,1,5
37555,2,19,4,5
37556,1,58,4,4
37557,1,31,1,2
37558,1,62,3,5
37560,1,61,3,3
37573,1,22,3,3
37576,2,35,1,4
37580,2,70,3,3
37593,1,73,4,3
37598,2,19,2,1
37599,2,48,4,4
37600,1,47,4,5
37604,2,73,3,1
37606,1,53,3,4
37609,1,21,3,4
37617,2,60,4,4
37631,1,38,3,5
37639,2,26,2,3
37640,1,45,3,4
37645,2,31,4,3
37647,1,27,1,3
37653,2,82,3,4
37656,1,19,4,4
37657,1,75,3,5
37671,2,46,4,5
37686,2,29,3,5
37690,2,58,3,4
37700,1,72,3,5
37708,1,54,3,3
37710,2,43,3,5
37714,2,52,3,5
37741,2,54,4,4
37743,1,63,4,3
37747,2,26,1,2
37749,2,84,3,1
37750,1,18,3,3
37751,1,55,3,4
37765,1,73,4,4
37769,2,64,3,5
37777,1,18,4,5
37780,2,61,4,5
37792,1,50,1,5
37810,2,75,3,1
37816,1,30,1,2
37822,2,33,3,4
37825,1,74,3,4
37836,1,51,3,5
37839,1,19,1,1
37860,1,65,4,5
37862,2,19,4,4
37865,1,19,5,3
37875,2,41,1,2
37887,2,67,3,3
37906,1,19,4,4
37910,2,60,1,2
37918,1,26,1,4
37921,2,18,1,1
37922,2,85,3,2
37929,1,78,4,4
37930,1,48,4,1
37932,1,21,3,4
37936,1,44,3,3
37944,1,73,3,5
37953,1,48,3,3
37960,1,18,4,4
37971,2,30,4,2
37973,2,30,1,4
37996,2,45,3,5
38014,1,18,4,2
38017,1,48,3,5
38028,1,64,3,3
38038,1,34,4,2
38050,2,85,1,1
38054,2,25,3,5
38055,1,55,3,2
38057,2,29,4,4
38060,2,69,4,2
38062,1,26,1,4
38063,1,71,3,3
38073,2,75,3,3
38075,1,37,3,4
38078,1,39,1,1
38079,2,40,3,4
38081,2,44,3,5
38095,2,35,3,4
38098,2,67,2,4
38113,1,29,1,1
38119,2,81,4,2
38120,1,42,1,5
38125,1,66,3,5
38126,2,23,4,2
38140,1,44,2,4
38143,2,60,5,1
38148,2,54,3,3
38153,2,18,4,3
38156,2,55,3,5
38168,2,21,4,5
38178,1,35,4,2
38188,2,24,3,5
38193,1,18,4,4
38194,1,65,3,5
38205,1,24,4,4
38222,1,23,3,3
38235,1,55,3,5
38243,1,55,3,3
38245,2,21,3,2
38247,2,48,1,1
38249,2,21,1,3
38261,2,32,4,3
38270,2,54,3,5
38271,2,31,3,5
38274,2,28,3,5
38275,2,26,2,4
38280,1,54,3,3
38290,1,73,3,4
38295,1,34,3,4
38315,2,68,1,3
38317,1,84,3,4
38324,1,26,1,5
38335,1,31,3,5
38358,1,40,3,5
38364,2,63,3,2
38377,2,43,3,4
38382,1,19,1,4
38388,2,64,3,4
38394,1,47,3,5
38410,2,63,1,4
38417,2,36,5,4
38422,1,27,1,4
38423,1,18,1,2
38426,1,53,3,4
38427,1,77,4,2
38429,1,21,3,1
38432,2,69,4,3
38446,2,55,1,1
38447,1,34,1,4
38452,2,47,4,4
38454,1,72,3,4
38455,1,21,3,4
38461,2,30,3,5
38466,1,66,4,4
38472,1,45,3,4
38477,2,31,2,3
38490,2,39,4,5
38500,1,65,4,2
38502,2,19,1,4
38505,1,74,4,2
38506,1,26,3,3
38522,2,21,3,4
38525,1,40,1,1
38532,1,21,4,3
38535,2,20,4,3
38539,2,70,3,4
38544,2,33,4,4
38564,2,19,5,4
38568,2,67,3,2
38572,2,61,1,2
38575,1,66,3,4
38580,1,59,3,4
38588,2,61,3,4
38591,1,39,1,4
38598,2,63,1,2
38615,2,46,4,4
38617,1,64,4,2
38619,1,33,1,3
38626,2,20,5,3
38631,1,18,4,2
38636,1,85,3,4
38637,1,69,5,5
38638,2,37,3,3
38639,1,26,1,3
38640,2,61,3,3
38647,1,43,3,4
38651,1,75,1,4
38653,1,50,3,5
38660,2,84,3,2
38673,1,69,4,1
38675,2,73,3,3
38679,1,65,3,1
38687,1,20,4,2
38689,1,62,4,2
38694,2,28,4,1
38699,2,29,3,4
38708,1,46,1,3
38719,2,19,4,3
38721,2,85,3,5
38725,1,80,1,1
38726,1,47,5,3
38732,2,64,4,2
38738,1,59,1,1
38744,1,57,3,5
38745,1,62,3,5
38755,1,67,3,1
38762,1,39,2,2
38773,1,64,3,4
38775,1,47,5,3
38777,1,82,4,4
38782,1,51,3,5
38786,1,45,5,1
38791,1,25,1,1
38792,2,33,4,4
38797,1,45,5,2
38801,1,55,1,1
38815,2,19,3,4
38819,2,52,3,5
38826,1,82,1,1
38830,1,42,1,2
38841,2,19,1,4
38842,1,18,4,4
38845,1,18,3,3
38846,2,18,4,4
38850,2,61,5,5
38852,2,28,3,3
38854,1,64,1,1
38859,1,44,3,2
38860,2,54,3,2
38861,1,73,3,2
38864,1,19,4,4
38867,2,38,3,5
38871,2,30,4,3
38877,2,42,1,1
38883,2,32,1,3
38897,1,78,3,2
38901,1,53,3,4
38903,1,66,1,1
38905,2,38,4,5
38907,2,19,3,3
38910,1,56,5,3
38914,2,41,3,5
38918,2,45,3,4
38920,2,40,5,3
38921,1,30,3,4
38925,1,63,3,2
38931,2,25,1,1
38933,1,85,3,1
38941,1,37,4,3
38944,2,60,1,5
38958,2,69,4,4
38963,2,29,3,4
38972,2,24,1,3
38977,2,28,4,4
38978,2,76,1,1
38987,1,61,1,3
38991,2,59,3,2
38999,1,22,4,3
39000,2,54,4,4
39010,2,35,1,4
39037,2,38,4,5
39043,2,18,4,4
39044,2,43,1,5
39045,2,38,3,4
39046,1,70,3,3
39048,1,64,1,3
39051,2,77,3,4
39054,2,50,3,3
39058,1,42,3,4
39072,2,19,4,3
39081,2,23,3,3
39082,1,35,1,1
39084,1,79,3,3
39089,1,18,4,3
39092,1,50,3,5
39094,2,19,5,3
39110,2,52,5,2
39113,1,49,5,5
39116,1,60,4,5
39124,2,58,3,4
39125,1,76,3,5
39132,2,22,5,4
39150,2,30,1,3
39154,2,50,1,4
39157,2,18,3,4
39164,2,35,5,5
39175,1,83,3,3
39177,2,61,3,4
39179,2,26,3,4
39184,2,21,4,4
39190,1,85,3,5
39204,2,42,3,3
39215,2,64,4,2
39225,2,32,1,2
39226,1,79,3,4
39230,2,47,3,4
39244,2,60,1,1
39251,2,67,3,4
39265,1,71,3,3
39271,1,66,3,1
39278,1,60,3,1
39281,2,50,3,3
39290,1,22,4,3
39291,2,24,1,2
39293,1,42,4,4
39300,1,28,4,4
39301,2,19,1,1
39307,1,81,3,5
39315,1,27,4,3
39322,1,41,1,1
39328,1,45,1,3
39339,2,45,1,1
39343,2,60,3,4
39345,2,18,4,4
39354,1,54,4,5
39356,1,21,3,2
39365,1,36,1,1
39378,2,43,3,2
39382,2,76,3,1
39392,2,46,3,3
39399,2,51,1,5
39405,2,69,3,5
39406,1,18,4,4
39410,2,27,5,5
39411,2,44,5,4
39413,2,53,3,3
39414,2,18,4,3
39415,2,51,3,5
39420,2,74,3,5
39426,2,40,1,2
39428,1,23,4,4
39432,1,49,3,4
39433,2,80,3,3
39436,1,48,4,4
39439,2,34,4,3
39448,2,60,5,5
39454,1,67,4,2
39472,2,18,4,3
39493,1,82,3,2
39494,1,24,1,4
39498,1,19,4,4
39502,1,60,4,3
39503,2,19,4,3
39505,2,74,3,5
39511,2,65,2,2
39531,2,23,4,4
39532,1,33,4,3
39541,2,34,4,3
39546,2,38,1,1
39549,1,18,4,3
39560,2,25,3,5
39568,2,34,3,2
39580,2,34,5,2
39584,2,72,4,2
39588,1,61,3,4
39599,2,37,3,3
39602,2,30,1,3
39615,1,46,3,4
39616,2,49,5,4
39646,1,51,3,4
39650,1,45,3,4
39662,1,50,1,1
39663,1,19,3,4
39665,2,31,3,5
39668,1,37,1,4
39673,1,44,1,2
39676,2,67,4,5
39690,1,69,1,1
39696,2,41,4,3
39710,2,19,1,4
39715,2,40,1,2
39734,1,35,1,3
39735,2,31,4,3
39768,1,34,4,3
39770,1,28,4,3
39782,1,42,3,3
39785,2,71,3,3
39786,2,35,3,3
39787,2,38,4,4
39794,1,22,5,1
39799,1,50,4,4
39802,2,45,4,3
39812,2,18,4,4
39820,2,27,3,2
39828,2,26,4,4
39833,2,37,2,4
39835,2,40,1,1
39840,2,35,3,1
39842,1,71,3,5
39845,2,24,1,4
39858,2,34,1,1
39869,2,48,3,5
39872,1,64,3,3
39878,2,43,1,4
39880,1,18,4,3
39883,2,29,3,3
39884,2,47,3,4
39896,1,32,3,2
39914,2,47,3,5
39927,1,46,3,5
39930,1,50,3,4
39946,2,55,2,2
39956,2,35,1,4
39958,2,78,1,3
39960,2,26,3,5
39972,1,60,1,5
39978,1,48,3,4
39987,2,18,1,4
39989,2,44,5,5
39996,2,21,3,5
40000,1,21,3,5
40001,2,38,3,5
40004,2,51,3,3
40005,1,70,1,3
40007,1,69,3,3
40011,1,36,1,4
40024,1,41,5,5
40035,2,18,2,2
40036,2,27,1,4
40041,2,34,3,3
40065,2,63,4,4
40070,2,18,1,4
40071,1,19,1,1
40075,1,18,4,3
40077,2,32,4,5
40081,2,19,1,3
40084,1,77,1,1
40104,1,81,3,5
40106,1,50,4,3
40109,1,19,1,3
40110,2,65,5,1
40112,1,31,4,4
40131,1,85,3,1
40138,2,24,1,1
40144,2,24,1,3
40151,1,54,3,4
40152,1,68,1,5
40155,2,40,3,5
40158,2,26,1,2
40167,1,19,4,2
40176,2,54,2,3
40196,1,59,5,4
40208,1,22,3,2
40220,2,45,3,3
40232,1,26,1,4
40255,2,18,3,3
40265,2,52,3,5
40277,1,78,3,4
40282,2,67,1,1
40291,1,28,1,3
40292,2,18,4,3
40302,1,55,3,5
40308,1,46,3,4
40310,1,36,4,3
40317,1,60,3,3
40318,1,74,5,5
40331,1,38,3,4
40338,1,41,3,3
40339,2,50,3,2
40347,1,36,1,4
40356,1,48,4,4
40358,2,63,3,4
40363,2,62,3,5
40370,1,48,3,5
40383,2,63,3,3
40384,2,34,1,2
40389,1,71,3,3
40391,1,69,3,3
40398,1,56,4,2
40404,2,40,5,3
40408,1,49,4,3
40409,2,40,1,3
40414,2,18,4,3
40420,2,25,2,3
40427,1,24,1,2
40431,1,34,3,4
40433,1,22,3,4
40434,1,38,3,3
40435,1,51,1,4
40439,1,31,3,4
40444,2,24,3,3
40447,1,74,1,3
40452,1,40,4,2
40460,2,45,3,4
40461,2,82,3,3
40467,2,25,1,2
40471,1,26,4,2
40475,2,51,4,3
40489,2,21,3,4
40492,1,41,1,3
40501,2,20,4,2
40506,1,32,1,4
40507,2,18,4,4
40513,2,27,1,4
40518,2,62,3,3
40523,1,67,1,1
40540,1,82,3,4
40544,1,50,3,5
40545,2,78,3,4
40551,1,65,3,4
40561,1,54,3,5
40575,1,85,3,3
40579,1,37,5,5
40587,1,45,3,4
40592,2,40,5,5
40596,1,44,4,4
40599,2,71,3,3
40602,2,27,3,4
40606,1,57,4,2
40607,2,40,4,3
40614,1,70,4,2
40615,2,18,1,2
40630,1,20,4,3
40633,1,51,1,2
40640,1,27,3,4
40641,1,23,3,3
40660,1,64,3,3
40674,1,37,3,5
40685,1,38,3,2
40700,2,51,4,4
40701,2,31,1,2
40702,1,49,3,3
40705,1,72,4,2
40729,1,23,1,2
40767,2,61,3,4
40772,1,56,3,4
40774,1,18,4,2
40782,2,18,4,4
40797,1,41,1,4
40804,2,54,3,4
40810,1,71,3,3
40824,1,71,3,4
40829,2,56,1,1
40831,2,63,5,1
40841,2,29,3,5
40843,1,20,4,4
40849,1,46,3,5
40850,1,56,3,4
40855,2,51,3,2
40857,1,24,4,4
40861,2,46,4,5
40869,2,85,3,4
40873,1,19,3,4
40877,1,41,1,2
40891,1,40,3,5
40906,1,35,3,5
40908,1,41,5,4
40912,1,61,1,1
40925,2,44,3,3
40930,2,67,3,5
40934,1,34,4,4
40936,2,58,4,4
40938,2,36,3,5
40949,2,26,3,2
40950,2,34,5,5
40961,2,53,3,3
40963,1,55,3,5
40965,1,50,1,5
40966,1,48,4,4
40970,2,28,3,4
40974,1,22,3,5
40980,2,40,3,3
40983,2,37,5,4
40985,2,44,3,5
40988,1,52,1,5
41005,1,65,4,1
41012,1,18,1,2
41013,2,64,4,3
41015,1,19,1,5
41021,1,66,2,2
41027,2,43,4,5
41028,2,51,3,5
41036,1,37,3,2
41046,2,46,2,4
41048,2,40,4,4
41049,2,52,3,5
41063,1,49,4,4
41072,1,44,1,1
41074,1,34,3,5
41089,2,47,3,4
41092,2,63,3,4
41095,2,18,3,4
41098,1,18,3,5
41123,2,32,1,1
41124,2,68,4,4
41127,2,70,4,1
41132,1,33,3,4
41135,1,51,3,4
41138,1,62,4,2
41147,1,26,4,1
41153,1,22,1,4
41156,1,65,1,1
41157,2,54,3,2
41158,2,71,3,5
41190,1,65,3,4
41195,1,19,1,4
41198,2,19,3,4
41201,2,39,4,3
41204,1,60,4,1
41223,2,42,4,2
41236,1,57,3,4
41238,1,53,3,4
41240,2,26,3,4
41244,2,51,3,4
41253,2,36,2,2
41255,1,52,4,2
41259,2,22,1,2
41264,1,28,4,5
41265,2,44,4,4
41267,1,73,4,4
41269,2,64,4,3
41279,2,54,3,4
41289,1,26,4,2
41312,2,71,3,5
41313,1,34,4,5
41314,2,69,3,2
41316,1,46,3,2
41320,2,65,3,5
41321,2,73,4,2
41322,1,23,1,3
41329,2,18,4,3
41336,2,30,4,4
41340,2,37,4,4
41349,1,22,3,4
41350,1,79,3,4
41355,1,40,1,1
41356,2,83,3,1
41360,1,52,3,3
41361,2,23,3,3
41375,2,66,4,2
41382,2,59,5,3
41383,1,22,4,2
41386,2,27,1,3
41388,2,33,1,2
41394,1,76,3,1
41408,1,30,4,3
41409,1,51,1,3
41414,2,22,3,5
41415,1,85,3,4
41416,1,80,3,1
41424,1,53,3,4
41427,1,68,3,3
41430,1,64,4,4
41438,2,25,1,4
41440,1,44,3,3
41444,1,20,2,4
41449,2,21,3,4
41450,1,57,3,5
41454,1,66,3,2
41457,1,19,1,1
41458,1,46,1,3
41459,2,26,3,4
41472,1,34,3,4
